n,Computer,Player,Result,Won,Tied,Lost,Won%,Tied%,Lost%,delta,delta%
1,scissors,paper,-1,0,0,1,0.0,0.0,1.0,-1,-1.0
2,scissors,rock,1,1,0,1,0.5,0.0,0.5,0,0.0
3,paper,scissors,1,2,0,1,0.67,0.0,0.33,1,0.33
4,scissors,paper,-1,2,0,2,0.5,0.0,0.5,0,0.0
5,rock,paper,1,3,0,2,0.6,0.0,0.4,1,0.2
6,rock,paper,1,4,0,2,0.67,0.0,0.33,2,0.33
7,paper,paper,0,4,1,2,0.57,0.14,0.29,2,0.29
8,scissors,rock,1,5,1,2,0.62,0.12,0.25,3,0.38
9,scissors,paper,-1,5,1,3,0.56,0.11,0.33,2,0.22
10,paper,paper,0,5,2,3,0.5,0.2,0.3,2,0.2
11,rock,rock,0,5,3,3,0.45,0.27,0.27,2,0.18
12,scissors,paper,-1,5,3,4,0.42,0.25,0.33,1,0.08
13,paper,scissors,1,6,3,4,0.46,0.23,0.31,2,0.15
14,paper,paper,0,6,4,4,0.43,0.29,0.29,2,0.14
15,scissors,scissors,0,6,5,4,0.4,0.33,0.27,2,0.13
16,scissors,rock,1,7,5,4,0.44,0.31,0.25,3,0.19
17,scissors,paper,-1,7,5,5,0.41,0.29,0.29,2,0.12
18,scissors,rock,1,8,5,5,0.44,0.28,0.28,3,0.17
19,scissors,rock,1,9,5,5,0.47,0.26,0.26,4,0.21
20,paper,scissors,1,10,5,5,0.5,0.25,0.25,5,0.25
21,paper,paper,0,10,6,5,0.48,0.29,0.24,5,0.24
22,paper,scissors,1,11,6,5,0.5,0.27,0.23,6,0.27
23,scissors,rock,1,12,6,5,0.52,0.26,0.22,7,0.3
24,rock,scissors,-1,12,6,6,0.5,0.25,0.25,6,0.25
25,paper,rock,-1,12,6,7,0.48,0.24,0.28,5,0.2
26,paper,paper,0,12,7,7,0.46,0.27,0.27,5,0.19
27,scissors,paper,-1,12,7,8,0.44,0.26,0.3,4,0.15
28,scissors,scissors,0,12,8,8,0.43,0.29,0.29,4,0.14
29,paper,paper,0,12,9,8,0.41,0.31,0.28,4,0.14
30,scissors,paper,-1,12,9,9,0.4,0.3,0.3,3,0.1
31,rock,paper,1,13,9,9,0.42,0.29,0.29,4,0.13
32,scissors,scissors,0,13,10,9,0.41,0.31,0.28,4,0.12
33,paper,paper,0,13,11,9,0.39,0.33,0.27,4,0.12
34,scissors,scissors,0,13,12,9,0.38,0.35,0.26,4,0.12
35,rock,rock,0,13,13,9,0.37,0.37,0.26,4,0.11
36,paper,scissors,1,14,13,9,0.39,0.36,0.25,5,0.14
37,scissors,paper,-1,14,13,10,0.38,0.35,0.27,4,0.11
38,rock,scissors,-1,14,13,11,0.37,0.34,0.29,3,0.08
39,paper,scissors,1,15,13,11,0.38,0.33,0.28,4,0.1
40,rock,scissors,-1,15,13,12,0.38,0.33,0.3,3,0.07
41,rock,scissors,-1,15,13,13,0.37,0.32,0.32,2,0.05
42,scissors,paper,-1,15,13,14,0.36,0.31,0.33,1,0.02
43,scissors,paper,-1,15,13,15,0.35,0.3,0.35,0,0.0
44,rock,scissors,-1,15,13,16,0.34,0.3,0.36,-1,-0.02
45,rock,paper,1,16,13,16,0.36,0.29,0.36,0,0.0
46,paper,paper,0,16,14,16,0.35,0.3,0.35,0,0.0
47,paper,paper,0,16,15,16,0.34,0.32,0.34,0,0.0
48,scissors,paper,-1,16,15,17,0.33,0.31,0.35,-1,-0.02
49,scissors,scissors,0,16,16,17,0.33,0.33,0.35,-1,-0.02
50,paper,paper,0,16,17,17,0.32,0.34,0.34,-1,-0.02
51,paper,paper,0,16,18,17,0.31,0.35,0.33,-1,-0.02
52,scissors,scissors,0,16,19,17,0.31,0.37,0.33,-1,-0.02
53,scissors,rock,1,17,19,17,0.32,0.36,0.32,0,0.0
54,scissors,paper,-1,17,19,18,0.31,0.35,0.33,-1,-0.02
55,scissors,paper,-1,17,19,19,0.31,0.35,0.35,-2,-0.04
56,paper,paper,0,17,20,19,0.3,0.36,0.34,-2,-0.04
57,rock,scissors,-1,17,20,20,0.3,0.35,0.35,-3,-0.05
58,scissors,scissors,0,17,21,20,0.29,0.36,0.34,-3,-0.05
59,rock,paper,1,18,21,20,0.31,0.36,0.34,-2,-0.03
60,scissors,rock,1,19,21,20,0.32,0.35,0.33,-1,-0.02
61,paper,scissors,1,20,21,20,0.33,0.34,0.33,0,0.0
62,rock,paper,1,21,21,20,0.34,0.34,0.32,1,0.02
63,paper,paper,0,21,22,20,0.33,0.35,0.32,1,0.02
64,rock,paper,1,22,22,20,0.34,0.34,0.31,2,0.03
65,rock,rock,0,22,23,20,0.34,0.35,0.31,2,0.03
66,paper,paper,0,22,24,20,0.33,0.36,0.3,2,0.03
67,scissors,paper,-1,22,24,21,0.33,0.36,0.31,1,0.01
68,rock,paper,1,23,24,21,0.34,0.35,0.31,2,0.03
69,scissors,paper,-1,23,24,22,0.33,0.35,0.32,1,0.01
70,scissors,rock,1,24,24,22,0.34,0.34,0.31,2,0.03
71,rock,rock,0,24,25,22,0.34,0.35,0.31,2,0.03
72,rock,scissors,-1,24,25,23,0.33,0.35,0.32,1,0.01
73,scissors,rock,1,25,25,23,0.34,0.34,0.32,2,0.03
74,scissors,paper,-1,25,25,24,0.34,0.34,0.32,1,0.01
75,scissors,paper,-1,25,25,25,0.33,0.33,0.33,0,0.0
76,scissors,paper,-1,25,25,26,0.33,0.33,0.34,-1,-0.01
77,rock,scissors,-1,25,25,27,0.32,0.32,0.35,-2,-0.03
78,scissors,paper,-1,25,25,28,0.32,0.32,0.36,-3,-0.04
79,rock,rock,0,25,26,28,0.32,0.33,0.35,-3,-0.04
80,paper,rock,-1,25,26,29,0.31,0.33,0.36,-4,-0.05
81,paper,scissors,1,26,26,29,0.32,0.32,0.36,-3,-0.04
82,rock,rock,0,26,27,29,0.32,0.33,0.35,-3,-0.04
83,paper,paper,0,26,28,29,0.31,0.34,0.35,-3,-0.04
84,rock,paper,1,27,28,29,0.32,0.33,0.35,-2,-0.02
85,rock,paper,1,28,28,29,0.33,0.33,0.34,-1,-0.01
86,scissors,scissors,0,28,29,29,0.33,0.34,0.34,-1,-0.01
87,rock,paper,1,29,29,29,0.33,0.33,0.33,0,0.0
88,rock,paper,1,30,29,29,0.34,0.33,0.33,1,0.01
89,rock,rock,0,30,30,29,0.34,0.34,0.33,1,0.01
90,paper,scissors,1,31,30,29,0.34,0.33,0.32,2,0.02
91,rock,rock,0,31,31,29,0.34,0.34,0.32,2,0.02
92,scissors,scissors,0,31,32,29,0.34,0.35,0.32,2,0.02
93,paper,rock,-1,31,32,30,0.33,0.34,0.32,1,0.01
94,scissors,scissors,0,31,33,30,0.33,0.35,0.32,1,0.01
95,paper,scissors,1,32,33,30,0.34,0.35,0.32,2,0.02
96,paper,paper,0,32,34,30,0.33,0.35,0.31,2,0.02
97,paper,rock,-1,32,34,31,0.33,0.35,0.32,1,0.01
98,paper,scissors,1,33,34,31,0.34,0.35,0.32,2,0.02
99,scissors,scissors,0,33,35,31,0.33,0.35,0.31,2,0.02
100,rock,paper,1,34,35,31,0.34,0.35,0.31,3,0.03
101,rock,paper,1,35,35,31,0.35,0.35,0.31,4,0.04
102,rock,paper,1,36,35,31,0.35,0.34,0.3,5,0.05
103,rock,paper,1,37,35,31,0.36,0.34,0.3,6,0.06
104,rock,scissors,-1,37,35,32,0.36,0.34,0.31,5,0.05
105,scissors,scissors,0,37,36,32,0.35,0.34,0.3,5,0.05
106,scissors,paper,-1,37,36,33,0.35,0.34,0.31,4,0.04
107,rock,paper,1,38,36,33,0.36,0.34,0.31,5,0.05
108,paper,scissors,1,39,36,33,0.36,0.33,0.31,6,0.06
109,paper,rock,-1,39,36,34,0.36,0.33,0.31,5,0.05
110,scissors,scissors,0,39,37,34,0.35,0.34,0.31,5,0.05
111,rock,paper,1,40,37,34,0.36,0.33,0.31,6,0.05
112,scissors,scissors,0,40,38,34,0.36,0.34,0.3,6,0.05
113,paper,scissors,1,41,38,34,0.36,0.34,0.3,7,0.06
114,paper,rock,-1,41,38,35,0.36,0.33,0.31,6,0.05
115,scissors,rock,1,42,38,35,0.37,0.33,0.3,7,0.06
116,rock,rock,0,42,39,35,0.36,0.34,0.3,7,0.06
117,rock,paper,1,43,39,35,0.37,0.33,0.3,8,0.07
118,rock,paper,1,44,39,35,0.37,0.33,0.3,9,0.08
119,paper,paper,0,44,40,35,0.37,0.34,0.29,9,0.08
120,scissors,rock,1,45,40,35,0.38,0.33,0.29,10,0.08
121,scissors,rock,1,46,40,35,0.38,0.33,0.29,11,0.09
122,rock,rock,0,46,41,35,0.38,0.34,0.29,11,0.09
123,rock,scissors,-1,46,41,36,0.37,0.33,0.29,10,0.08
124,rock,paper,1,47,41,36,0.38,0.33,0.29,11,0.09
125,rock,rock,0,47,42,36,0.38,0.34,0.29,11,0.09
126,paper,scissors,1,48,42,36,0.38,0.33,0.29,12,0.1
127,paper,paper,0,48,43,36,0.38,0.34,0.28,12,0.09
128,scissors,scissors,0,48,44,36,0.38,0.34,0.28,12,0.09
129,paper,paper,0,48,45,36,0.37,0.35,0.28,12,0.09
130,scissors,scissors,0,48,46,36,0.37,0.35,0.28,12,0.09
131,paper,scissors,1,49,46,36,0.37,0.35,0.27,13,0.1
132,paper,paper,0,49,47,36,0.37,0.36,0.27,13,0.1
133,paper,paper,0,49,48,36,0.37,0.36,0.27,13,0.1
134,rock,scissors,-1,49,48,37,0.37,0.36,0.28,12,0.09
135,paper,rock,-1,49,48,38,0.36,0.36,0.28,11,0.08
136,rock,paper,1,50,48,38,0.37,0.35,0.28,12,0.09
137,paper,paper,0,50,49,38,0.36,0.36,0.28,12,0.09
138,paper,rock,-1,50,49,39,0.36,0.36,0.28,11,0.08
139,rock,scissors,-1,50,49,40,0.36,0.35,0.29,10,0.07
140,scissors,paper,-1,50,49,41,0.36,0.35,0.29,9,0.06
141,paper,scissors,1,51,49,41,0.36,0.35,0.29,10,0.07
142,scissors,paper,-1,51,49,42,0.36,0.35,0.3,9,0.06
143,paper,paper,0,51,50,42,0.36,0.35,0.29,9,0.06
144,scissors,paper,-1,51,50,43,0.35,0.35,0.3,8,0.06
145,rock,scissors,-1,51,50,44,0.35,0.34,0.3,7,0.05
146,scissors,scissors,0,51,51,44,0.35,0.35,0.3,7,0.05
147,rock,rock,0,51,52,44,0.35,0.35,0.3,7,0.05
148,rock,rock,0,51,53,44,0.34,0.36,0.3,7,0.05
149,scissors,paper,-1,51,53,45,0.34,0.36,0.3,6,0.04
150,paper,paper,0,51,54,45,0.34,0.36,0.3,6,0.04
151,rock,rock,0,51,55,45,0.34,0.36,0.3,6,0.04
152,paper,rock,-1,51,55,46,0.34,0.36,0.3,5,0.03
153,paper,scissors,1,52,55,46,0.34,0.36,0.3,6,0.04
154,rock,paper,1,53,55,46,0.34,0.36,0.3,7,0.05
155,paper,rock,-1,53,55,47,0.34,0.35,0.3,6,0.04
156,rock,rock,0,53,56,47,0.34,0.36,0.3,6,0.04
157,paper,rock,-1,53,56,48,0.34,0.36,0.31,5,0.03
158,rock,rock,0,53,57,48,0.34,0.36,0.3,5,0.03
159,scissors,rock,1,54,57,48,0.34,0.36,0.3,6,0.04
160,paper,scissors,1,55,57,48,0.34,0.36,0.3,7,0.04
161,paper,rock,-1,55,57,49,0.34,0.35,0.3,6,0.04
162,rock,rock,0,55,58,49,0.34,0.36,0.3,6,0.04
163,scissors,scissors,0,55,59,49,0.34,0.36,0.3,6,0.04
164,scissors,rock,1,56,59,49,0.34,0.36,0.3,7,0.04
165,paper,scissors,1,57,59,49,0.35,0.36,0.3,8,0.05
166,rock,scissors,-1,57,59,50,0.34,0.36,0.3,7,0.04
167,paper,scissors,1,58,59,50,0.35,0.35,0.3,8,0.05
168,rock,rock,0,58,60,50,0.35,0.36,0.3,8,0.05
169,rock,paper,1,59,60,50,0.35,0.36,0.3,9,0.05
170,rock,rock,0,59,61,50,0.35,0.36,0.29,9,0.05
171,scissors,scissors,0,59,62,50,0.35,0.36,0.29,9,0.05
172,rock,paper,1,60,62,50,0.35,0.36,0.29,10,0.06
173,rock,scissors,-1,60,62,51,0.35,0.36,0.29,9,0.05
174,paper,rock,-1,60,62,52,0.34,0.36,0.3,8,0.05
175,rock,scissors,-1,60,62,53,0.34,0.35,0.3,7,0.04
176,scissors,rock,1,61,62,53,0.35,0.35,0.3,8,0.05
177,paper,paper,0,61,63,53,0.34,0.36,0.3,8,0.05
178,scissors,rock,1,62,63,53,0.35,0.35,0.3,9,0.05
179,scissors,scissors,0,62,64,53,0.35,0.36,0.3,9,0.05
180,scissors,paper,-1,62,64,54,0.34,0.36,0.3,8,0.04
181,paper,paper,0,62,65,54,0.34,0.36,0.3,8,0.04
182,rock,scissors,-1,62,65,55,0.34,0.36,0.3,7,0.04
183,paper,paper,0,62,66,55,0.34,0.36,0.3,7,0.04
184,scissors,scissors,0,62,67,55,0.34,0.36,0.3,7,0.04
185,rock,scissors,-1,62,67,56,0.34,0.36,0.3,6,0.03
186,scissors,rock,1,63,67,56,0.34,0.36,0.3,7,0.04
187,paper,paper,0,63,68,56,0.34,0.36,0.3,7,0.04
188,paper,scissors,1,64,68,56,0.34,0.36,0.3,8,0.04
189,paper,paper,0,64,69,56,0.34,0.37,0.3,8,0.04
190,rock,scissors,-1,64,69,57,0.34,0.36,0.3,7,0.04
191,paper,rock,-1,64,69,58,0.34,0.36,0.3,6,0.03
192,paper,scissors,1,65,69,58,0.34,0.36,0.3,7,0.04
193,paper,paper,0,65,70,58,0.34,0.36,0.3,7,0.04
194,rock,rock,0,65,71,58,0.34,0.37,0.3,7,0.04
195,rock,paper,1,66,71,58,0.34,0.36,0.3,8,0.04
196,rock,paper,1,67,71,58,0.34,0.36,0.3,9,0.05
197,paper,scissors,1,68,71,58,0.35,0.36,0.29,10,0.05
198,paper,rock,-1,68,71,59,0.34,0.36,0.3,9,0.05
199,paper,paper,0,68,72,59,0.34,0.36,0.3,9,0.05
200,scissors,rock,1,69,72,59,0.34,0.36,0.29,10,0.05
201,rock,paper,1,70,72,59,0.35,0.36,0.29,11,0.05
202,paper,paper,0,70,73,59,0.35,0.36,0.29,11,0.05
203,scissors,paper,-1,70,73,60,0.34,0.36,0.3,10,0.05
204,paper,scissors,1,71,73,60,0.35,0.36,0.29,11,0.05
205,scissors,scissors,0,71,74,60,0.35,0.36,0.29,11,0.05
206,rock,rock,0,71,75,60,0.34,0.36,0.29,11,0.05
207,scissors,paper,-1,71,75,61,0.34,0.36,0.29,10,0.05
208,rock,rock,0,71,76,61,0.34,0.37,0.29,10,0.05
209,scissors,scissors,0,71,77,61,0.34,0.37,0.29,10,0.05
210,scissors,paper,-1,71,77,62,0.34,0.37,0.3,9,0.04
211,paper,paper,0,71,78,62,0.34,0.37,0.29,9,0.04
212,paper,rock,-1,71,78,63,0.33,0.37,0.3,8,0.04
213,paper,rock,-1,71,78,64,0.33,0.37,0.3,7,0.03
214,paper,scissors,1,72,78,64,0.34,0.36,0.3,8,0.04
215,rock,rock,0,72,79,64,0.33,0.37,0.3,8,0.04
216,rock,scissors,-1,72,79,65,0.33,0.37,0.3,7,0.03
217,rock,rock,0,72,80,65,0.33,0.37,0.3,7,0.03
218,paper,rock,-1,72,80,66,0.33,0.37,0.3,6,0.03
219,rock,paper,1,73,80,66,0.33,0.37,0.3,7,0.03
220,rock,paper,1,74,80,66,0.34,0.36,0.3,8,0.04
221,rock,rock,0,74,81,66,0.33,0.37,0.3,8,0.04
222,paper,paper,0,74,82,66,0.33,0.37,0.3,8,0.04
223,paper,paper,0,74,83,66,0.33,0.37,0.3,8,0.04
224,paper,rock,-1,74,83,67,0.33,0.37,0.3,7,0.03
225,rock,paper,1,75,83,67,0.33,0.37,0.3,8,0.04
226,rock,scissors,-1,75,83,68,0.33,0.37,0.3,7,0.03
227,paper,rock,-1,75,83,69,0.33,0.37,0.3,6,0.03
228,paper,scissors,1,76,83,69,0.33,0.36,0.3,7,0.03
229,rock,rock,0,76,84,69,0.33,0.37,0.3,7,0.03
230,paper,scissors,1,77,84,69,0.33,0.37,0.3,8,0.03
231,paper,scissors,1,78,84,69,0.34,0.36,0.3,9,0.04
232,rock,paper,1,79,84,69,0.34,0.36,0.3,10,0.04
233,paper,rock,-1,79,84,70,0.34,0.36,0.3,9,0.04
234,scissors,scissors,0,79,85,70,0.34,0.36,0.3,9,0.04
235,rock,scissors,-1,79,85,71,0.34,0.36,0.3,8,0.03
236,rock,scissors,-1,79,85,72,0.33,0.36,0.31,7,0.03
237,scissors,scissors,0,79,86,72,0.33,0.36,0.3,7,0.03
238,scissors,paper,-1,79,86,73,0.33,0.36,0.31,6,0.03
239,scissors,rock,1,80,86,73,0.33,0.36,0.31,7,0.03
240,rock,scissors,-1,80,86,74,0.33,0.36,0.31,6,0.03
241,scissors,rock,1,81,86,74,0.34,0.36,0.31,7,0.03
242,paper,scissors,1,82,86,74,0.34,0.36,0.31,8,0.03
243,paper,paper,0,82,87,74,0.34,0.36,0.3,8,0.03
244,paper,paper,0,82,88,74,0.34,0.36,0.3,8,0.03
245,scissors,rock,1,83,88,74,0.34,0.36,0.3,9,0.04
246,scissors,scissors,0,83,89,74,0.34,0.36,0.3,9,0.04
247,rock,rock,0,83,90,74,0.34,0.36,0.3,9,0.04
248,paper,rock,-1,83,90,75,0.33,0.36,0.3,8,0.03
249,scissors,scissors,0,83,91,75,0.33,0.37,0.3,8,0.03
250,rock,scissors,-1,83,91,76,0.33,0.36,0.3,7,0.03
251,paper,rock,-1,83,91,77,0.33,0.36,0.31,6,0.02
252,rock,scissors,-1,83,91,78,0.33,0.36,0.31,5,0.02
253,rock,paper,1,84,91,78,0.33,0.36,0.31,6,0.02
254,scissors,rock,1,85,91,78,0.33,0.36,0.31,7,0.03
255,scissors,paper,-1,85,91,79,0.33,0.36,0.31,6,0.02
256,scissors,paper,-1,85,91,80,0.33,0.36,0.31,5,0.02
257,rock,rock,0,85,92,80,0.33,0.36,0.31,5,0.02
258,rock,rock,0,85,93,80,0.33,0.36,0.31,5,0.02
259,paper,scissors,1,86,93,80,0.33,0.36,0.31,6,0.02
260,scissors,scissors,0,86,94,80,0.33,0.36,0.31,6,0.02
261,rock,paper,1,87,94,80,0.33,0.36,0.31,7,0.03
262,scissors,paper,-1,87,94,81,0.33,0.36,0.31,6,0.02
263,paper,paper,0,87,95,81,0.33,0.36,0.31,6,0.02
264,scissors,paper,-1,87,95,82,0.33,0.36,0.31,5,0.02
265,rock,rock,0,87,96,82,0.33,0.36,0.31,5,0.02
266,paper,rock,-1,87,96,83,0.33,0.36,0.31,4,0.02
267,paper,scissors,1,88,96,83,0.33,0.36,0.31,5,0.02
268,scissors,paper,-1,88,96,84,0.33,0.36,0.31,4,0.01
269,paper,rock,-1,88,96,85,0.33,0.36,0.32,3,0.01
270,paper,rock,-1,88,96,86,0.33,0.36,0.32,2,0.01
271,paper,rock,-1,88,96,87,0.32,0.35,0.32,1,0.0
272,paper,paper,0,88,97,87,0.32,0.36,0.32,1,0.0
273,scissors,scissors,0,88,98,87,0.32,0.36,0.32,1,0.0
274,rock,rock,0,88,99,87,0.32,0.36,0.32,1,0.0
275,rock,scissors,-1,88,99,88,0.32,0.36,0.32,0,0.0
276,scissors,scissors,0,88,100,88,0.32,0.36,0.32,0,0.0
277,rock,scissors,-1,88,100,89,0.32,0.36,0.32,-1,-0.0
278,scissors,rock,1,89,100,89,0.32,0.36,0.32,0,0.0
279,scissors,scissors,0,89,101,89,0.32,0.36,0.32,0,0.0
280,scissors,scissors,0,89,102,89,0.32,0.36,0.32,0,0.0
281,paper,scissors,1,90,102,89,0.32,0.36,0.32,1,0.0
282,paper,paper,0,90,103,89,0.32,0.37,0.32,1,0.0
283,paper,paper,0,90,104,89,0.32,0.37,0.31,1,0.0
284,scissors,rock,1,91,104,89,0.32,0.37,0.31,2,0.01
285,paper,scissors,1,92,104,89,0.32,0.36,0.31,3,0.01
286,rock,rock,0,92,105,89,0.32,0.37,0.31,3,0.01
287,rock,scissors,-1,92,105,90,0.32,0.37,0.31,2,0.01
288,rock,rock,0,92,106,90,0.32,0.37,0.31,2,0.01
289,scissors,paper,-1,92,106,91,0.32,0.37,0.31,1,0.0
290,scissors,rock,1,93,106,91,0.32,0.37,0.31,2,0.01
291,scissors,rock,1,94,106,91,0.32,0.36,0.31,3,0.01
292,scissors,scissors,0,94,107,91,0.32,0.37,0.31,3,0.01
293,paper,scissors,1,95,107,91,0.32,0.37,0.31,4,0.01
294,rock,scissors,-1,95,107,92,0.32,0.36,0.31,3,0.01
295,scissors,rock,1,96,107,92,0.33,0.36,0.31,4,0.01
296,rock,rock,0,96,108,92,0.32,0.36,0.31,4,0.01
297,rock,rock,0,96,109,92,0.32,0.37,0.31,4,0.01
298,rock,scissors,-1,96,109,93,0.32,0.37,0.31,3,0.01
299,scissors,scissors,0,96,110,93,0.32,0.37,0.31,3,0.01
300,paper,paper,0,96,111,93,0.32,0.37,0.31,3,0.01
301,rock,paper,1,97,111,93,0.32,0.37,0.31,4,0.01
302,scissors,scissors,0,97,112,93,0.32,0.37,0.31,4,0.01
303,rock,paper,1,98,112,93,0.32,0.37,0.31,5,0.02
304,scissors,paper,-1,98,112,94,0.32,0.37,0.31,4,0.01
305,paper,scissors,1,99,112,94,0.32,0.37,0.31,5,0.02
306,scissors,rock,1,100,112,94,0.33,0.37,0.31,6,0.02
307,paper,paper,0,100,113,94,0.33,0.37,0.31,6,0.02
308,rock,rock,0,100,114,94,0.32,0.37,0.31,6,0.02
309,rock,paper,1,101,114,94,0.33,0.37,0.3,7,0.02
310,paper,rock,-1,101,114,95,0.33,0.37,0.31,6,0.02
311,rock,paper,1,102,114,95,0.33,0.37,0.31,7,0.02
312,paper,scissors,1,103,114,95,0.33,0.37,0.3,8,0.03
313,scissors,scissors,0,103,115,95,0.33,0.37,0.3,8,0.03
314,scissors,rock,1,104,115,95,0.33,0.37,0.3,9,0.03
315,scissors,paper,-1,104,115,96,0.33,0.37,0.3,8,0.03
316,rock,scissors,-1,104,115,97,0.33,0.36,0.31,7,0.02
317,rock,scissors,-1,104,115,98,0.33,0.36,0.31,6,0.02
318,rock,scissors,-1,104,115,99,0.33,0.36,0.31,5,0.02
319,paper,scissors,1,105,115,99,0.33,0.36,0.31,6,0.02
320,rock,rock,0,105,116,99,0.33,0.36,0.31,6,0.02
321,scissors,scissors,0,105,117,99,0.33,0.36,0.31,6,0.02
322,scissors,scissors,0,105,118,99,0.33,0.37,0.31,6,0.02
323,rock,paper,1,106,118,99,0.33,0.37,0.31,7,0.02
324,scissors,paper,-1,106,118,100,0.33,0.36,0.31,6,0.02
325,paper,rock,-1,106,118,101,0.33,0.36,0.31,5,0.02
326,scissors,paper,-1,106,118,102,0.33,0.36,0.31,4,0.01
327,rock,rock,0,106,119,102,0.32,0.36,0.31,4,0.01
328,rock,scissors,-1,106,119,103,0.32,0.36,0.31,3,0.01
329,paper,scissors,1,107,119,103,0.33,0.36,0.31,4,0.01
330,rock,rock,0,107,120,103,0.32,0.36,0.31,4,0.01
331,paper,rock,-1,107,120,104,0.32,0.36,0.31,3,0.01
332,scissors,paper,-1,107,120,105,0.32,0.36,0.32,2,0.01
333,scissors,rock,1,108,120,105,0.32,0.36,0.32,3,0.01
334,rock,paper,1,109,120,105,0.33,0.36,0.31,4,0.01
335,paper,paper,0,109,121,105,0.33,0.36,0.31,4,0.01
336,rock,paper,1,110,121,105,0.33,0.36,0.31,5,0.01
337,rock,rock,0,110,122,105,0.33,0.36,0.31,5,0.01
338,scissors,scissors,0,110,123,105,0.33,0.36,0.31,5,0.01
339,rock,paper,1,111,123,105,0.33,0.36,0.31,6,0.02
340,paper,scissors,1,112,123,105,0.33,0.36,0.31,7,0.02
341,scissors,paper,-1,112,123,106,0.33,0.36,0.31,6,0.02
342,paper,scissors,1,113,123,106,0.33,0.36,0.31,7,0.02
343,scissors,scissors,0,113,124,106,0.33,0.36,0.31,7,0.02
344,rock,rock,0,113,125,106,0.33,0.36,0.31,7,0.02
345,scissors,rock,1,114,125,106,0.33,0.36,0.31,8,0.02
346,paper,scissors,1,115,125,106,0.33,0.36,0.31,9,0.03
347,scissors,paper,-1,115,125,107,0.33,0.36,0.31,8,0.02
348,scissors,paper,-1,115,125,108,0.33,0.36,0.31,7,0.02
349,scissors,scissors,0,115,126,108,0.33,0.36,0.31,7,0.02
350,scissors,paper,-1,115,126,109,0.33,0.36,0.31,6,0.02
351,rock,paper,1,116,126,109,0.33,0.36,0.31,7,0.02
352,rock,paper,1,117,126,109,0.33,0.36,0.31,8,0.02
353,scissors,scissors,0,117,127,109,0.33,0.36,0.31,8,0.02
354,scissors,rock,1,118,127,109,0.33,0.36,0.31,9,0.03
355,scissors,scissors,0,118,128,109,0.33,0.36,0.31,9,0.03
356,paper,rock,-1,118,128,110,0.33,0.36,0.31,8,0.02
357,scissors,rock,1,119,128,110,0.33,0.36,0.31,9,0.03
358,paper,scissors,1,120,128,110,0.34,0.36,0.31,10,0.03
359,paper,rock,-1,120,128,111,0.33,0.36,0.31,9,0.03
360,paper,paper,0,120,129,111,0.33,0.36,0.31,9,0.03
361,scissors,rock,1,121,129,111,0.34,0.36,0.31,10,0.03
362,scissors,rock,1,122,129,111,0.34,0.36,0.31,11,0.03
363,rock,paper,1,123,129,111,0.34,0.36,0.31,12,0.03
364,paper,paper,0,123,130,111,0.34,0.36,0.3,12,0.03
365,scissors,paper,-1,123,130,112,0.34,0.36,0.31,11,0.03
366,rock,scissors,-1,123,130,113,0.34,0.36,0.31,10,0.03
367,scissors,scissors,0,123,131,113,0.34,0.36,0.31,10,0.03
368,scissors,scissors,0,123,132,113,0.33,0.36,0.31,10,0.03
369,scissors,scissors,0,123,133,113,0.33,0.36,0.31,10,0.03
370,paper,paper,0,123,134,113,0.33,0.36,0.31,10,0.03
371,rock,paper,1,124,134,113,0.33,0.36,0.3,11,0.03
372,rock,rock,0,124,135,113,0.33,0.36,0.3,11,0.03
373,rock,scissors,-1,124,135,114,0.33,0.36,0.31,10,0.03
374,paper,rock,-1,124,135,115,0.33,0.36,0.31,9,0.02
375,rock,paper,1,125,135,115,0.33,0.36,0.31,10,0.03
376,paper,paper,0,125,136,115,0.33,0.36,0.31,10,0.03
377,rock,rock,0,125,137,115,0.33,0.36,0.31,10,0.03
378,scissors,paper,-1,125,137,116,0.33,0.36,0.31,9,0.02
379,rock,paper,1,126,137,116,0.33,0.36,0.31,10,0.03
380,paper,paper,0,126,138,116,0.33,0.36,0.31,10,0.03
381,scissors,paper,-1,126,138,117,0.33,0.36,0.31,9,0.02
382,rock,paper,1,127,138,117,0.33,0.36,0.31,10,0.03
383,scissors,rock,1,128,138,117,0.33,0.36,0.31,11,0.03
384,paper,rock,-1,128,138,118,0.33,0.36,0.31,10,0.03
385,paper,rock,-1,128,138,119,0.33,0.36,0.31,9,0.02
386,scissors,rock,1,129,138,119,0.33,0.36,0.31,10,0.03
387,scissors,scissors,0,129,139,119,0.33,0.36,0.31,10,0.03
388,scissors,rock,1,130,139,119,0.34,0.36,0.31,11,0.03
389,rock,scissors,-1,130,139,120,0.33,0.36,0.31,10,0.03
390,paper,rock,-1,130,139,121,0.33,0.36,0.31,9,0.02
391,rock,rock,0,130,140,121,0.33,0.36,0.31,9,0.02
392,rock,paper,1,131,140,121,0.33,0.36,0.31,10,0.03
393,paper,rock,-1,131,140,122,0.33,0.36,0.31,9,0.02
394,rock,paper,1,132,140,122,0.34,0.36,0.31,10,0.03
395,scissors,rock,1,133,140,122,0.34,0.35,0.31,11,0.03
396,rock,rock,0,133,141,122,0.34,0.36,0.31,11,0.03
397,rock,scissors,-1,133,141,123,0.34,0.36,0.31,10,0.03
398,scissors,paper,-1,133,141,124,0.33,0.35,0.31,9,0.02
399,rock,paper,1,134,141,124,0.34,0.35,0.31,10,0.03
400,scissors,paper,-1,134,141,125,0.34,0.35,0.31,9,0.02
401,rock,rock,0,134,142,125,0.33,0.35,0.31,9,0.02
402,paper,scissors,1,135,142,125,0.34,0.35,0.31,10,0.02
403,paper,rock,-1,135,142,126,0.33,0.35,0.31,9,0.02
404,scissors,scissors,0,135,143,126,0.33,0.35,0.31,9,0.02
405,paper,paper,0,135,144,126,0.33,0.36,0.31,9,0.02
406,rock,scissors,-1,135,144,127,0.33,0.35,0.31,8,0.02
407,paper,rock,-1,135,144,128,0.33,0.35,0.31,7,0.02
408,scissors,scissors,0,135,145,128,0.33,0.36,0.31,7,0.02
409,rock,rock,0,135,146,128,0.33,0.36,0.31,7,0.02
410,scissors,paper,-1,135,146,129,0.33,0.36,0.31,6,0.01
411,rock,paper,1,136,146,129,0.33,0.36,0.31,7,0.02
412,rock,paper,1,137,146,129,0.33,0.35,0.31,8,0.02
413,paper,scissors,1,138,146,129,0.33,0.35,0.31,9,0.02
414,paper,paper,0,138,147,129,0.33,0.36,0.31,9,0.02
415,scissors,scissors,0,138,148,129,0.33,0.36,0.31,9,0.02
416,paper,rock,-1,138,148,130,0.33,0.36,0.31,8,0.02
417,scissors,paper,-1,138,148,131,0.33,0.35,0.31,7,0.02
418,paper,scissors,1,139,148,131,0.33,0.35,0.31,8,0.02
419,scissors,scissors,0,139,149,131,0.33,0.36,0.31,8,0.02
420,rock,scissors,-1,139,149,132,0.33,0.35,0.31,7,0.02
421,paper,scissors,1,140,149,132,0.33,0.35,0.31,8,0.02
422,paper,rock,-1,140,149,133,0.33,0.35,0.32,7,0.02
423,paper,paper,0,140,150,133,0.33,0.35,0.31,7,0.02
424,paper,rock,-1,140,150,134,0.33,0.35,0.32,6,0.01
425,rock,rock,0,140,151,134,0.33,0.36,0.32,6,0.01
426,rock,rock,0,140,152,134,0.33,0.36,0.31,6,0.01
427,scissors,scissors,0,140,153,134,0.33,0.36,0.31,6,0.01
428,scissors,scissors,0,140,154,134,0.33,0.36,0.31,6,0.01
429,scissors,rock,1,141,154,134,0.33,0.36,0.31,7,0.02
430,scissors,scissors,0,141,155,134,0.33,0.36,0.31,7,0.02
431,scissors,scissors,0,141,156,134,0.33,0.36,0.31,7,0.02
432,rock,scissors,-1,141,156,135,0.33,0.36,0.31,6,0.01
433,scissors,scissors,0,141,157,135,0.33,0.36,0.31,6,0.01
434,paper,paper,0,141,158,135,0.32,0.36,0.31,6,0.01
435,paper,scissors,1,142,158,135,0.33,0.36,0.31,7,0.02
436,rock,paper,1,143,158,135,0.33,0.36,0.31,8,0.02
437,rock,paper,1,144,158,135,0.33,0.36,0.31,9,0.02
438,rock,paper,1,145,158,135,0.33,0.36,0.31,10,0.02
439,paper,paper,0,145,159,135,0.33,0.36,0.31,10,0.02
440,scissors,rock,1,146,159,135,0.33,0.36,0.31,11,0.03
441,paper,rock,-1,146,159,136,0.33,0.36,0.31,10,0.02
442,rock,scissors,-1,146,159,137,0.33,0.36,0.31,9,0.02
443,scissors,paper,-1,146,159,138,0.33,0.36,0.31,8,0.02
444,paper,paper,0,146,160,138,0.33,0.36,0.31,8,0.02
445,rock,rock,0,146,161,138,0.33,0.36,0.31,8,0.02
446,scissors,rock,1,147,161,138,0.33,0.36,0.31,9,0.02
447,scissors,rock,1,148,161,138,0.33,0.36,0.31,10,0.02
448,rock,scissors,-1,148,161,139,0.33,0.36,0.31,9,0.02
449,scissors,paper,-1,148,161,140,0.33,0.36,0.31,8,0.02
450,scissors,paper,-1,148,161,141,0.33,0.36,0.31,7,0.02
451,paper,scissors,1,149,161,141,0.33,0.36,0.31,8,0.02
452,paper,paper,0,149,162,141,0.33,0.36,0.31,8,0.02
453,rock,paper,1,150,162,141,0.33,0.36,0.31,9,0.02
454,scissors,paper,-1,150,162,142,0.33,0.36,0.31,8,0.02
455,scissors,rock,1,151,162,142,0.33,0.36,0.31,9,0.02
456,rock,scissors,-1,151,162,143,0.33,0.36,0.31,8,0.02
457,paper,scissors,1,152,162,143,0.33,0.35,0.31,9,0.02
458,scissors,rock,1,153,162,143,0.33,0.35,0.31,10,0.02
459,scissors,rock,1,154,162,143,0.34,0.35,0.31,11,0.02
460,scissors,scissors,0,154,163,143,0.33,0.35,0.31,11,0.02
461,rock,rock,0,154,164,143,0.33,0.36,0.31,11,0.02
462,paper,rock,-1,154,164,144,0.33,0.35,0.31,10,0.02
463,rock,paper,1,155,164,144,0.33,0.35,0.31,11,0.02
464,rock,paper,1,156,164,144,0.34,0.35,0.31,12,0.03
465,scissors,rock,1,157,164,144,0.34,0.35,0.31,13,0.03
466,scissors,paper,-1,157,164,145,0.34,0.35,0.31,12,0.03
467,scissors,paper,-1,157,164,146,0.34,0.35,0.31,11,0.02
468,paper,paper,0,157,165,146,0.34,0.35,0.31,11,0.02
469,scissors,paper,-1,157,165,147,0.33,0.35,0.31,10,0.02
470,rock,paper,1,158,165,147,0.34,0.35,0.31,11,0.02
471,paper,scissors,1,159,165,147,0.34,0.35,0.31,12,0.03
472,paper,rock,-1,159,165,148,0.34,0.35,0.31,11,0.02
473,rock,rock,0,159,166,148,0.34,0.35,0.31,11,0.02
474,paper,scissors,1,160,166,148,0.34,0.35,0.31,12,0.03
475,rock,scissors,-1,160,166,149,0.34,0.35,0.31,11,0.02
476,rock,rock,0,160,167,149,0.34,0.35,0.31,11,0.02
477,scissors,paper,-1,160,167,150,0.34,0.35,0.31,10,0.02
478,rock,rock,0,160,168,150,0.33,0.35,0.31,10,0.02
479,scissors,scissors,0,160,169,150,0.33,0.35,0.31,10,0.02
480,scissors,scissors,0,160,170,150,0.33,0.35,0.31,10,0.02
481,scissors,scissors,0,160,171,150,0.33,0.36,0.31,10,0.02
482,scissors,scissors,0,160,172,150,0.33,0.36,0.31,10,0.02
483,scissors,paper,-1,160,172,151,0.33,0.36,0.31,9,0.02
484,rock,rock,0,160,173,151,0.33,0.36,0.31,9,0.02
485,paper,paper,0,160,174,151,0.33,0.36,0.31,9,0.02
486,paper,rock,-1,160,174,152,0.33,0.36,0.31,8,0.02
487,scissors,rock,1,161,174,152,0.33,0.36,0.31,9,0.02
488,rock,paper,1,162,174,152,0.33,0.36,0.31,10,0.02
489,scissors,paper,-1,162,174,153,0.33,0.36,0.31,9,0.02
490,scissors,scissors,0,162,175,153,0.33,0.36,0.31,9,0.02
491,paper,scissors,1,163,175,153,0.33,0.36,0.31,10,0.02
492,rock,paper,1,164,175,153,0.33,0.36,0.31,11,0.02
493,rock,scissors,-1,164,175,154,0.33,0.35,0.31,10,0.02
494,scissors,paper,-1,164,175,155,0.33,0.35,0.31,9,0.02
495,rock,scissors,-1,164,175,156,0.33,0.35,0.32,8,0.02
496,rock,paper,1,165,175,156,0.33,0.35,0.31,9,0.02
497,scissors,scissors,0,165,176,156,0.33,0.35,0.31,9,0.02
498,paper,paper,0,165,177,156,0.33,0.36,0.31,9,0.02
499,paper,scissors,1,166,177,156,0.33,0.35,0.31,10,0.02
500,rock,paper,1,167,177,156,0.33,0.35,0.31,11,0.02
501,paper,rock,-1,167,177,157,0.33,0.35,0.31,10,0.02
502,scissors,scissors,0,167,178,157,0.33,0.35,0.31,10,0.02
503,scissors,paper,-1,167,178,158,0.33,0.35,0.31,9,0.02
504,scissors,rock,1,168,178,158,0.33,0.35,0.31,10,0.02
505,paper,scissors,1,169,178,158,0.33,0.35,0.31,11,0.02
506,rock,paper,1,170,178,158,0.34,0.35,0.31,12,0.02
507,scissors,paper,-1,170,178,159,0.34,0.35,0.31,11,0.02
508,scissors,paper,-1,170,178,160,0.33,0.35,0.31,10,0.02
509,rock,rock,0,170,179,160,0.33,0.35,0.31,10,0.02
510,scissors,paper,-1,170,179,161,0.33,0.35,0.32,9,0.02
511,paper,scissors,1,171,179,161,0.33,0.35,0.32,10,0.02
512,rock,scissors,-1,171,179,162,0.33,0.35,0.32,9,0.02
513,rock,rock,0,171,180,162,0.33,0.35,0.32,9,0.02
514,paper,paper,0,171,181,162,0.33,0.35,0.32,9,0.02
515,paper,scissors,1,172,181,162,0.33,0.35,0.31,10,0.02
516,paper,scissors,1,173,181,162,0.34,0.35,0.31,11,0.02
517,paper,scissors,1,174,181,162,0.34,0.35,0.31,12,0.02
518,paper,scissors,1,175,181,162,0.34,0.35,0.31,13,0.03
519,rock,rock,0,175,182,162,0.34,0.35,0.31,13,0.03
520,paper,paper,0,175,183,162,0.34,0.35,0.31,13,0.03
521,paper,scissors,1,176,183,162,0.34,0.35,0.31,14,0.03
522,scissors,rock,1,177,183,162,0.34,0.35,0.31,15,0.03
523,rock,paper,1,178,183,162,0.34,0.35,0.31,16,0.03
524,paper,paper,0,178,184,162,0.34,0.35,0.31,16,0.03
525,scissors,rock,1,179,184,162,0.34,0.35,0.31,17,0.03
526,rock,scissors,-1,179,184,163,0.34,0.35,0.31,16,0.03
527,scissors,rock,1,180,184,163,0.34,0.35,0.31,17,0.03
528,rock,rock,0,180,185,163,0.34,0.35,0.31,17,0.03
529,paper,paper,0,180,186,163,0.34,0.35,0.31,17,0.03
530,paper,paper,0,180,187,163,0.34,0.35,0.31,17,0.03
531,scissors,rock,1,181,187,163,0.34,0.35,0.31,18,0.03
532,scissors,rock,1,182,187,163,0.34,0.35,0.31,19,0.04
533,scissors,rock,1,183,187,163,0.34,0.35,0.31,20,0.04
534,rock,rock,0,183,188,163,0.34,0.35,0.31,20,0.04
535,rock,paper,1,184,188,163,0.34,0.35,0.3,21,0.04
536,scissors,paper,-1,184,188,164,0.34,0.35,0.31,20,0.04
537,scissors,paper,-1,184,188,165,0.34,0.35,0.31,19,0.04
538,paper,paper,0,184,189,165,0.34,0.35,0.31,19,0.04
539,paper,paper,0,184,190,165,0.34,0.35,0.31,19,0.04
540,rock,scissors,-1,184,190,166,0.34,0.35,0.31,18,0.03
541,paper,scissors,1,185,190,166,0.34,0.35,0.31,19,0.04
542,paper,rock,-1,185,190,167,0.34,0.35,0.31,18,0.03
543,paper,rock,-1,185,190,168,0.34,0.35,0.31,17,0.03
544,rock,paper,1,186,190,168,0.34,0.35,0.31,18,0.03
545,rock,rock,0,186,191,168,0.34,0.35,0.31,18,0.03
546,paper,paper,0,186,192,168,0.34,0.35,0.31,18,0.03
547,rock,paper,1,187,192,168,0.34,0.35,0.31,19,0.03
548,scissors,rock,1,188,192,168,0.34,0.35,0.31,20,0.04
549,rock,scissors,-1,188,192,169,0.34,0.35,0.31,19,0.03
550,rock,scissors,-1,188,192,170,0.34,0.35,0.31,18,0.03
551,scissors,scissors,0,188,193,170,0.34,0.35,0.31,18,0.03
552,rock,rock,0,188,194,170,0.34,0.35,0.31,18,0.03
553,rock,rock,0,188,195,170,0.34,0.35,0.31,18,0.03
554,paper,scissors,1,189,195,170,0.34,0.35,0.31,19,0.03
555,rock,rock,0,189,196,170,0.34,0.35,0.31,19,0.03
556,rock,scissors,-1,189,196,171,0.34,0.35,0.31,18,0.03
557,paper,scissors,1,190,196,171,0.34,0.35,0.31,19,0.03
558,scissors,scissors,0,190,197,171,0.34,0.35,0.31,19,0.03
559,paper,paper,0,190,198,171,0.34,0.35,0.31,19,0.03
560,rock,scissors,-1,190,198,172,0.34,0.35,0.31,18,0.03
561,paper,paper,0,190,199,172,0.34,0.35,0.31,18,0.03
562,rock,rock,0,190,200,172,0.34,0.36,0.31,18,0.03
563,scissors,paper,-1,190,200,173,0.34,0.36,0.31,17,0.03
564,scissors,scissors,0,190,201,173,0.34,0.36,0.31,17,0.03
565,paper,rock,-1,190,201,174,0.34,0.36,0.31,16,0.03
566,rock,scissors,-1,190,201,175,0.34,0.36,0.31,15,0.03
567,paper,paper,0,190,202,175,0.34,0.36,0.31,15,0.03
568,paper,paper,0,190,203,175,0.33,0.36,0.31,15,0.03
569,rock,scissors,-1,190,203,176,0.33,0.36,0.31,14,0.02
570,scissors,scissors,0,190,204,176,0.33,0.36,0.31,14,0.02
571,paper,paper,0,190,205,176,0.33,0.36,0.31,14,0.02
572,paper,rock,-1,190,205,177,0.33,0.36,0.31,13,0.02
573,rock,rock,0,190,206,177,0.33,0.36,0.31,13,0.02
574,paper,scissors,1,191,206,177,0.33,0.36,0.31,14,0.02
575,paper,rock,-1,191,206,178,0.33,0.36,0.31,13,0.02
576,scissors,scissors,0,191,207,178,0.33,0.36,0.31,13,0.02
577,rock,paper,1,192,207,178,0.33,0.36,0.31,14,0.02
578,rock,rock,0,192,208,178,0.33,0.36,0.31,14,0.02
579,rock,rock,0,192,209,178,0.33,0.36,0.31,14,0.02
580,paper,rock,-1,192,209,179,0.33,0.36,0.31,13,0.02
581,scissors,rock,1,193,209,179,0.33,0.36,0.31,14,0.02
582,rock,paper,1,194,209,179,0.33,0.36,0.31,15,0.03
583,rock,paper,1,195,209,179,0.33,0.36,0.31,16,0.03
584,scissors,paper,-1,195,209,180,0.33,0.36,0.31,15,0.03
585,rock,rock,0,195,210,180,0.33,0.36,0.31,15,0.03
586,scissors,rock,1,196,210,180,0.33,0.36,0.31,16,0.03
587,paper,paper,0,196,211,180,0.33,0.36,0.31,16,0.03
588,scissors,rock,1,197,211,180,0.34,0.36,0.31,17,0.03
589,scissors,scissors,0,197,212,180,0.33,0.36,0.31,17,0.03
590,paper,paper,0,197,213,180,0.33,0.36,0.31,17,0.03
591,rock,scissors,-1,197,213,181,0.33,0.36,0.31,16,0.03
592,paper,rock,-1,197,213,182,0.33,0.36,0.31,15,0.03
593,scissors,paper,-1,197,213,183,0.33,0.36,0.31,14,0.02
594,paper,scissors,1,198,213,183,0.33,0.36,0.31,15,0.03
595,paper,scissors,1,199,213,183,0.33,0.36,0.31,16,0.03
596,paper,rock,-1,199,213,184,0.33,0.36,0.31,15,0.03
597,scissors,rock,1,200,213,184,0.34,0.36,0.31,16,0.03
598,rock,scissors,-1,200,213,185,0.33,0.36,0.31,15,0.03
599,scissors,scissors,0,200,214,185,0.33,0.36,0.31,15,0.03
600,scissors,paper,-1,200,214,186,0.33,0.36,0.31,14,0.02
601,paper,paper,0,200,215,186,0.33,0.36,0.31,14,0.02
602,rock,scissors,-1,200,215,187,0.33,0.36,0.31,13,0.02
603,rock,scissors,-1,200,215,188,0.33,0.36,0.31,12,0.02
604,paper,rock,-1,200,215,189,0.33,0.36,0.31,11,0.02
605,paper,scissors,1,201,215,189,0.33,0.36,0.31,12,0.02
606,scissors,rock,1,202,215,189,0.33,0.35,0.31,13,0.02
607,paper,scissors,1,203,215,189,0.33,0.35,0.31,14,0.02
608,rock,scissors,-1,203,215,190,0.33,0.35,0.31,13,0.02
609,paper,rock,-1,203,215,191,0.33,0.35,0.31,12,0.02
610,scissors,scissors,0,203,216,191,0.33,0.35,0.31,12,0.02
611,rock,rock,0,203,217,191,0.33,0.36,0.31,12,0.02
612,scissors,rock,1,204,217,191,0.33,0.35,0.31,13,0.02
613,paper,paper,0,204,218,191,0.33,0.36,0.31,13,0.02
614,rock,scissors,-1,204,218,192,0.33,0.36,0.31,12,0.02
615,scissors,scissors,0,204,219,192,0.33,0.36,0.31,12,0.02
616,rock,paper,1,205,219,192,0.33,0.36,0.31,13,0.02
617,scissors,rock,1,206,219,192,0.33,0.35,0.31,14,0.02
618,scissors,rock,1,207,219,192,0.33,0.35,0.31,15,0.02
619,scissors,rock,1,208,219,192,0.34,0.35,0.31,16,0.03
620,rock,paper,1,209,219,192,0.34,0.35,0.31,17,0.03
621,paper,scissors,1,210,219,192,0.34,0.35,0.31,18,0.03
622,rock,rock,0,210,220,192,0.34,0.35,0.31,18,0.03
623,rock,rock,0,210,221,192,0.34,0.35,0.31,18,0.03
624,scissors,scissors,0,210,222,192,0.34,0.36,0.31,18,0.03
625,rock,paper,1,211,222,192,0.34,0.36,0.31,19,0.03
626,scissors,scissors,0,211,223,192,0.34,0.36,0.31,19,0.03
627,paper,paper,0,211,224,192,0.34,0.36,0.31,19,0.03
628,rock,scissors,-1,211,224,193,0.34,0.36,0.31,18,0.03
629,scissors,paper,-1,211,224,194,0.34,0.36,0.31,17,0.03
630,scissors,rock,1,212,224,194,0.34,0.36,0.31,18,0.03
631,paper,scissors,1,213,224,194,0.34,0.35,0.31,19,0.03
632,rock,scissors,-1,213,224,195,0.34,0.35,0.31,18,0.03
633,scissors,rock,1,214,224,195,0.34,0.35,0.31,19,0.03
634,scissors,paper,-1,214,224,196,0.34,0.35,0.31,18,0.03
635,scissors,scissors,0,214,225,196,0.34,0.35,0.31,18,0.03
636,rock,rock,0,214,226,196,0.34,0.36,0.31,18,0.03
637,scissors,paper,-1,214,226,197,0.34,0.35,0.31,17,0.03
638,scissors,scissors,0,214,227,197,0.34,0.36,0.31,17,0.03
639,scissors,rock,1,215,227,197,0.34,0.36,0.31,18,0.03
640,scissors,rock,1,216,227,197,0.34,0.35,0.31,19,0.03
641,paper,paper,0,216,228,197,0.34,0.36,0.31,19,0.03
642,paper,scissors,1,217,228,197,0.34,0.36,0.31,20,0.03
643,paper,paper,0,217,229,197,0.34,0.36,0.31,20,0.03
644,rock,rock,0,217,230,197,0.34,0.36,0.31,20,0.03
645,scissors,rock,1,218,230,197,0.34,0.36,0.31,21,0.03
646,rock,scissors,-1,218,230,198,0.34,0.36,0.31,20,0.03
647,scissors,paper,-1,218,230,199,0.34,0.36,0.31,19,0.03
648,paper,paper,0,218,231,199,0.34,0.36,0.31,19,0.03
649,scissors,paper,-1,218,231,200,0.34,0.36,0.31,18,0.03
650,rock,rock,0,218,232,200,0.34,0.36,0.31,18,0.03
651,rock,scissors,-1,218,232,201,0.33,0.36,0.31,17,0.03
652,scissors,paper,-1,218,232,202,0.33,0.36,0.31,16,0.02
653,paper,scissors,1,219,232,202,0.34,0.36,0.31,17,0.03
654,rock,scissors,-1,219,232,203,0.33,0.35,0.31,16,0.02
655,scissors,scissors,0,219,233,203,0.33,0.36,0.31,16,0.02
656,paper,paper,0,219,234,203,0.33,0.36,0.31,16,0.02
657,scissors,scissors,0,219,235,203,0.33,0.36,0.31,16,0.02
658,scissors,rock,1,220,235,203,0.33,0.36,0.31,17,0.03
659,scissors,paper,-1,220,235,204,0.33,0.36,0.31,16,0.02
660,paper,rock,-1,220,235,205,0.33,0.36,0.31,15,0.02
661,paper,rock,-1,220,235,206,0.33,0.36,0.31,14,0.02
662,paper,rock,-1,220,235,207,0.33,0.35,0.31,13,0.02
663,paper,rock,-1,220,235,208,0.33,0.35,0.31,12,0.02
664,paper,paper,0,220,236,208,0.33,0.36,0.31,12,0.02
665,rock,rock,0,220,237,208,0.33,0.36,0.31,12,0.02
666,paper,scissors,1,221,237,208,0.33,0.36,0.31,13,0.02
667,scissors,paper,-1,221,237,209,0.33,0.36,0.31,12,0.02
668,paper,rock,-1,221,237,210,0.33,0.35,0.31,11,0.02
669,paper,paper,0,221,238,210,0.33,0.36,0.31,11,0.02
670,rock,paper,1,222,238,210,0.33,0.36,0.31,12,0.02
671,paper,paper,0,222,239,210,0.33,0.36,0.31,12,0.02
672,rock,rock,0,222,240,210,0.33,0.36,0.31,12,0.02
673,scissors,scissors,0,222,241,210,0.33,0.36,0.31,12,0.02
674,paper,rock,-1,222,241,211,0.33,0.36,0.31,11,0.02
675,paper,rock,-1,222,241,212,0.33,0.36,0.31,10,0.01
676,paper,paper,0,222,242,212,0.33,0.36,0.31,10,0.01
677,rock,paper,1,223,242,212,0.33,0.36,0.31,11,0.02
678,rock,rock,0,223,243,212,0.33,0.36,0.31,11,0.02
679,rock,scissors,-1,223,243,213,0.33,0.36,0.31,10,0.01
680,rock,rock,0,223,244,213,0.33,0.36,0.31,10,0.01
681,scissors,paper,-1,223,244,214,0.33,0.36,0.31,9,0.01
682,scissors,paper,-1,223,244,215,0.33,0.36,0.32,8,0.01
683,paper,rock,-1,223,244,216,0.33,0.36,0.32,7,0.01
684,scissors,rock,1,224,244,216,0.33,0.36,0.32,8,0.01
685,rock,rock,0,224,245,216,0.33,0.36,0.32,8,0.01
686,paper,rock,-1,224,245,217,0.33,0.36,0.32,7,0.01
687,rock,paper,1,225,245,217,0.33,0.36,0.32,8,0.01
688,rock,scissors,-1,225,245,218,0.33,0.36,0.32,7,0.01
689,rock,paper,1,226,245,218,0.33,0.36,0.32,8,0.01
690,paper,paper,0,226,246,218,0.33,0.36,0.32,8,0.01
691,rock,paper,1,227,246,218,0.33,0.36,0.32,9,0.01
692,paper,rock,-1,227,246,219,0.33,0.36,0.32,8,0.01
693,paper,paper,0,227,247,219,0.33,0.36,0.32,8,0.01
694,paper,paper,0,227,248,219,0.33,0.36,0.32,8,0.01
695,rock,scissors,-1,227,248,220,0.33,0.36,0.32,7,0.01
696,scissors,rock,1,228,248,220,0.33,0.36,0.32,8,0.01
697,scissors,paper,-1,228,248,221,0.33,0.36,0.32,7,0.01
698,rock,rock,0,228,249,221,0.33,0.36,0.32,7,0.01
699,rock,paper,1,229,249,221,0.33,0.36,0.32,8,0.01
700,paper,rock,-1,229,249,222,0.33,0.36,0.32,7,0.01
701,rock,paper,1,230,249,222,0.33,0.36,0.32,8,0.01
702,scissors,scissors,0,230,250,222,0.33,0.36,0.32,8,0.01
703,rock,paper,1,231,250,222,0.33,0.36,0.32,9,0.01
704,paper,rock,-1,231,250,223,0.33,0.36,0.32,8,0.01
705,rock,paper,1,232,250,223,0.33,0.35,0.32,9,0.01
706,paper,scissors,1,233,250,223,0.33,0.35,0.32,10,0.01
707,paper,rock,-1,233,250,224,0.33,0.35,0.32,9,0.01
708,scissors,paper,-1,233,250,225,0.33,0.35,0.32,8,0.01
709,rock,paper,1,234,250,225,0.33,0.35,0.32,9,0.01
710,rock,paper,1,235,250,225,0.33,0.35,0.32,10,0.01
711,paper,paper,0,235,251,225,0.33,0.35,0.32,10,0.01
712,rock,paper,1,236,251,225,0.33,0.35,0.32,11,0.02
713,rock,scissors,-1,236,251,226,0.33,0.35,0.32,10,0.01
714,rock,scissors,-1,236,251,227,0.33,0.35,0.32,9,0.01
715,scissors,rock,1,237,251,227,0.33,0.35,0.32,10,0.01
716,scissors,paper,-1,237,251,228,0.33,0.35,0.32,9,0.01
717,paper,scissors,1,238,251,228,0.33,0.35,0.32,10,0.01
718,scissors,paper,-1,238,251,229,0.33,0.35,0.32,9,0.01
719,scissors,paper,-1,238,251,230,0.33,0.35,0.32,8,0.01
720,rock,rock,0,238,252,230,0.33,0.35,0.32,8,0.01
721,rock,paper,1,239,252,230,0.33,0.35,0.32,9,0.01
722,rock,rock,0,239,253,230,0.33,0.35,0.32,9,0.01
723,paper,scissors,1,240,253,230,0.33,0.35,0.32,10,0.01
724,rock,rock,0,240,254,230,0.33,0.35,0.32,10,0.01
725,paper,rock,-1,240,254,231,0.33,0.35,0.32,9,0.01
726,paper,rock,-1,240,254,232,0.33,0.35,0.32,8,0.01
727,scissors,rock,1,241,254,232,0.33,0.35,0.32,9,0.01
728,rock,scissors,-1,241,254,233,0.33,0.35,0.32,8,0.01
729,paper,rock,-1,241,254,234,0.33,0.35,0.32,7,0.01
730,scissors,scissors,0,241,255,234,0.33,0.35,0.32,7,0.01
731,scissors,paper,-1,241,255,235,0.33,0.35,0.32,6,0.01
732,paper,paper,0,241,256,235,0.33,0.35,0.32,6,0.01
733,scissors,rock,1,242,256,235,0.33,0.35,0.32,7,0.01
734,paper,paper,0,242,257,235,0.33,0.35,0.32,7,0.01
735,paper,paper,0,242,258,235,0.33,0.35,0.32,7,0.01
736,rock,rock,0,242,259,235,0.33,0.35,0.32,7,0.01
737,rock,rock,0,242,260,235,0.33,0.35,0.32,7,0.01
738,rock,rock,0,242,261,235,0.33,0.35,0.32,7,0.01
739,rock,rock,0,242,262,235,0.33,0.35,0.32,7,0.01
740,paper,scissors,1,243,262,235,0.33,0.35,0.32,8,0.01
741,scissors,scissors,0,243,263,235,0.33,0.35,0.32,8,0.01
742,paper,rock,-1,243,263,236,0.33,0.35,0.32,7,0.01
743,scissors,rock,1,244,263,236,0.33,0.35,0.32,8,0.01
744,rock,scissors,-1,244,263,237,0.33,0.35,0.32,7,0.01
745,scissors,scissors,0,244,264,237,0.33,0.35,0.32,7,0.01
746,scissors,rock,1,245,264,237,0.33,0.35,0.32,8,0.01
747,scissors,paper,-1,245,264,238,0.33,0.35,0.32,7,0.01
748,paper,rock,-1,245,264,239,0.33,0.35,0.32,6,0.01
749,scissors,scissors,0,245,265,239,0.33,0.35,0.32,6,0.01
750,scissors,paper,-1,245,265,240,0.33,0.35,0.32,5,0.01
751,paper,scissors,1,246,265,240,0.33,0.35,0.32,6,0.01
752,scissors,rock,1,247,265,240,0.33,0.35,0.32,7,0.01
753,paper,paper,0,247,266,240,0.33,0.35,0.32,7,0.01
754,paper,scissors,1,248,266,240,0.33,0.35,0.32,8,0.01
755,paper,rock,-1,248,266,241,0.33,0.35,0.32,7,0.01
756,scissors,paper,-1,248,266,242,0.33,0.35,0.32,6,0.01
757,paper,scissors,1,249,266,242,0.33,0.35,0.32,7,0.01
758,rock,rock,0,249,267,242,0.33,0.35,0.32,7,0.01
759,paper,rock,-1,249,267,243,0.33,0.35,0.32,6,0.01
760,scissors,scissors,0,249,268,243,0.33,0.35,0.32,6,0.01
761,rock,rock,0,249,269,243,0.33,0.35,0.32,6,0.01
762,rock,scissors,-1,249,269,244,0.33,0.35,0.32,5,0.01
763,scissors,rock,1,250,269,244,0.33,0.35,0.32,6,0.01
764,rock,rock,0,250,270,244,0.33,0.35,0.32,6,0.01
765,paper,rock,-1,250,270,245,0.33,0.35,0.32,5,0.01
766,paper,paper,0,250,271,245,0.33,0.35,0.32,5,0.01
767,scissors,rock,1,251,271,245,0.33,0.35,0.32,6,0.01
768,scissors,paper,-1,251,271,246,0.33,0.35,0.32,5,0.01
769,scissors,rock,1,252,271,246,0.33,0.35,0.32,6,0.01
770,rock,rock,0,252,272,246,0.33,0.35,0.32,6,0.01
771,scissors,scissors,0,252,273,246,0.33,0.35,0.32,6,0.01
772,paper,rock,-1,252,273,247,0.33,0.35,0.32,5,0.01
773,scissors,rock,1,253,273,247,0.33,0.35,0.32,6,0.01
774,scissors,scissors,0,253,274,247,0.33,0.35,0.32,6,0.01
775,paper,rock,-1,253,274,248,0.33,0.35,0.32,5,0.01
776,rock,paper,1,254,274,248,0.33,0.35,0.32,6,0.01
777,rock,rock,0,254,275,248,0.33,0.35,0.32,6,0.01
778,scissors,paper,-1,254,275,249,0.33,0.35,0.32,5,0.01
779,rock,paper,1,255,275,249,0.33,0.35,0.32,6,0.01
780,rock,rock,0,255,276,249,0.33,0.35,0.32,6,0.01
781,rock,paper,1,256,276,249,0.33,0.35,0.32,7,0.01
782,paper,scissors,1,257,276,249,0.33,0.35,0.32,8,0.01
783,paper,paper,0,257,277,249,0.33,0.35,0.32,8,0.01
784,scissors,rock,1,258,277,249,0.33,0.35,0.32,9,0.01
785,paper,scissors,1,259,277,249,0.33,0.35,0.32,10,0.01
786,rock,scissors,-1,259,277,250,0.33,0.35,0.32,9,0.01
787,paper,scissors,1,260,277,250,0.33,0.35,0.32,10,0.01
788,paper,scissors,1,261,277,250,0.33,0.35,0.32,11,0.01
789,paper,paper,0,261,278,250,0.33,0.35,0.32,11,0.01
790,rock,rock,0,261,279,250,0.33,0.35,0.32,11,0.01
791,paper,paper,0,261,280,250,0.33,0.35,0.32,11,0.01
792,scissors,scissors,0,261,281,250,0.33,0.35,0.32,11,0.01
793,rock,paper,1,262,281,250,0.33,0.35,0.32,12,0.02
794,rock,paper,1,263,281,250,0.33,0.35,0.31,13,0.02
795,scissors,paper,-1,263,281,251,0.33,0.35,0.32,12,0.02
796,rock,scissors,-1,263,281,252,0.33,0.35,0.32,11,0.01
797,rock,paper,1,264,281,252,0.33,0.35,0.32,12,0.02
798,paper,rock,-1,264,281,253,0.33,0.35,0.32,11,0.01
799,rock,paper,1,265,281,253,0.33,0.35,0.32,12,0.02
800,scissors,scissors,0,265,282,253,0.33,0.35,0.32,12,0.01
801,rock,scissors,-1,265,282,254,0.33,0.35,0.32,11,0.01
802,scissors,rock,1,266,282,254,0.33,0.35,0.32,12,0.01
803,rock,paper,1,267,282,254,0.33,0.35,0.32,13,0.02
804,paper,rock,-1,267,282,255,0.33,0.35,0.32,12,0.01
805,paper,scissors,1,268,282,255,0.33,0.35,0.32,13,0.02
806,scissors,scissors,0,268,283,255,0.33,0.35,0.32,13,0.02
807,paper,scissors,1,269,283,255,0.33,0.35,0.32,14,0.02
808,scissors,scissors,0,269,284,255,0.33,0.35,0.32,14,0.02
809,paper,rock,-1,269,284,256,0.33,0.35,0.32,13,0.02
810,rock,rock,0,269,285,256,0.33,0.35,0.32,13,0.02
811,scissors,paper,-1,269,285,257,0.33,0.35,0.32,12,0.01
812,paper,rock,-1,269,285,258,0.33,0.35,0.32,11,0.01
813,rock,scissors,-1,269,285,259,0.33,0.35,0.32,10,0.01
814,rock,scissors,-1,269,285,260,0.33,0.35,0.32,9,0.01
815,paper,paper,0,269,286,260,0.33,0.35,0.32,9,0.01
816,rock,paper,1,270,286,260,0.33,0.35,0.32,10,0.01
817,rock,rock,0,270,287,260,0.33,0.35,0.32,10,0.01
818,paper,scissors,1,271,287,260,0.33,0.35,0.32,11,0.01
819,scissors,rock,1,272,287,260,0.33,0.35,0.32,12,0.01
820,scissors,paper,-1,272,287,261,0.33,0.35,0.32,11,0.01
821,scissors,paper,-1,272,287,262,0.33,0.35,0.32,10,0.01
822,paper,rock,-1,272,287,263,0.33,0.35,0.32,9,0.01
823,scissors,rock,1,273,287,263,0.33,0.35,0.32,10,0.01
824,rock,scissors,-1,273,287,264,0.33,0.35,0.32,9,0.01
825,scissors,scissors,0,273,288,264,0.33,0.35,0.32,9,0.01
826,scissors,rock,1,274,288,264,0.33,0.35,0.32,10,0.01
827,scissors,paper,-1,274,288,265,0.33,0.35,0.32,9,0.01
828,rock,rock,0,274,289,265,0.33,0.35,0.32,9,0.01
829,paper,scissors,1,275,289,265,0.33,0.35,0.32,10,0.01
830,scissors,rock,1,276,289,265,0.33,0.35,0.32,11,0.01
831,paper,rock,-1,276,289,266,0.33,0.35,0.32,10,0.01
832,scissors,rock,1,277,289,266,0.33,0.35,0.32,11,0.01
833,paper,rock,-1,277,289,267,0.33,0.35,0.32,10,0.01
834,paper,scissors,1,278,289,267,0.33,0.35,0.32,11,0.01
835,rock,paper,1,279,289,267,0.33,0.35,0.32,12,0.01
836,paper,paper,0,279,290,267,0.33,0.35,0.32,12,0.01
837,paper,scissors,1,280,290,267,0.33,0.35,0.32,13,0.02
838,scissors,rock,1,281,290,267,0.34,0.35,0.32,14,0.02
839,paper,rock,-1,281,290,268,0.33,0.35,0.32,13,0.02
840,scissors,rock,1,282,290,268,0.34,0.35,0.32,14,0.02
841,rock,rock,0,282,291,268,0.34,0.35,0.32,14,0.02
842,paper,paper,0,282,292,268,0.33,0.35,0.32,14,0.02
843,rock,scissors,-1,282,292,269,0.33,0.35,0.32,13,0.02
844,scissors,rock,1,283,292,269,0.34,0.35,0.32,14,0.02
845,scissors,scissors,0,283,293,269,0.33,0.35,0.32,14,0.02
846,rock,rock,0,283,294,269,0.33,0.35,0.32,14,0.02
847,paper,rock,-1,283,294,270,0.33,0.35,0.32,13,0.02
848,paper,paper,0,283,295,270,0.33,0.35,0.32,13,0.02
849,paper,paper,0,283,296,270,0.33,0.35,0.32,13,0.02
850,rock,scissors,-1,283,296,271,0.33,0.35,0.32,12,0.01
851,scissors,rock,1,284,296,271,0.33,0.35,0.32,13,0.02
852,paper,rock,-1,284,296,272,0.33,0.35,0.32,12,0.01
853,rock,scissors,-1,284,296,273,0.33,0.35,0.32,11,0.01
854,scissors,paper,-1,284,296,274,0.33,0.35,0.32,10,0.01
855,rock,rock,0,284,297,274,0.33,0.35,0.32,10,0.01
856,scissors,rock,1,285,297,274,0.33,0.35,0.32,11,0.01
857,paper,scissors,1,286,297,274,0.33,0.35,0.32,12,0.01
858,scissors,rock,1,287,297,274,0.33,0.35,0.32,13,0.02
859,rock,scissors,-1,287,297,275,0.33,0.35,0.32,12,0.01
860,paper,scissors,1,288,297,275,0.33,0.35,0.32,13,0.02
861,paper,rock,-1,288,297,276,0.33,0.34,0.32,12,0.01
862,rock,rock,0,288,298,276,0.33,0.35,0.32,12,0.01
863,paper,scissors,1,289,298,276,0.33,0.35,0.32,13,0.02
864,scissors,scissors,0,289,299,276,0.33,0.35,0.32,13,0.02
865,rock,scissors,-1,289,299,277,0.33,0.35,0.32,12,0.01
866,scissors,paper,-1,289,299,278,0.33,0.35,0.32,11,0.01
867,scissors,rock,1,290,299,278,0.33,0.34,0.32,12,0.01
868,rock,paper,1,291,299,278,0.34,0.34,0.32,13,0.01
869,paper,scissors,1,292,299,278,0.34,0.34,0.32,14,0.02
870,scissors,paper,-1,292,299,279,0.34,0.34,0.32,13,0.01
871,scissors,scissors,0,292,300,279,0.34,0.34,0.32,13,0.01
872,paper,rock,-1,292,300,280,0.33,0.34,0.32,12,0.01
873,scissors,scissors,0,292,301,280,0.33,0.34,0.32,12,0.01
874,rock,scissors,-1,292,301,281,0.33,0.34,0.32,11,0.01
875,paper,paper,0,292,302,281,0.33,0.35,0.32,11,0.01
876,rock,rock,0,292,303,281,0.33,0.35,0.32,11,0.01
877,scissors,rock,1,293,303,281,0.33,0.35,0.32,12,0.01
878,scissors,rock,1,294,303,281,0.33,0.35,0.32,13,0.01
879,rock,rock,0,294,304,281,0.33,0.35,0.32,13,0.01
880,paper,rock,-1,294,304,282,0.33,0.35,0.32,12,0.01
881,scissors,rock,1,295,304,282,0.33,0.35,0.32,13,0.01
882,paper,rock,-1,295,304,283,0.33,0.34,0.32,12,0.01
883,paper,rock,-1,295,304,284,0.33,0.34,0.32,11,0.01
884,rock,paper,1,296,304,284,0.33,0.34,0.32,12,0.01
885,rock,paper,1,297,304,284,0.34,0.34,0.32,13,0.01
886,scissors,rock,1,298,304,284,0.34,0.34,0.32,14,0.02
887,paper,paper,0,298,305,284,0.34,0.34,0.32,14,0.02
888,scissors,scissors,0,298,306,284,0.34,0.34,0.32,14,0.02
889,scissors,rock,1,299,306,284,0.34,0.34,0.32,15,0.02
890,paper,scissors,1,300,306,284,0.34,0.34,0.32,16,0.02
891,paper,rock,-1,300,306,285,0.34,0.34,0.32,15,0.02
892,scissors,rock,1,301,306,285,0.34,0.34,0.32,16,0.02
893,rock,paper,1,302,306,285,0.34,0.34,0.32,17,0.02
894,paper,paper,0,302,307,285,0.34,0.34,0.32,17,0.02
895,paper,rock,-1,302,307,286,0.34,0.34,0.32,16,0.02
896,rock,paper,1,303,307,286,0.34,0.34,0.32,17,0.02
897,rock,scissors,-1,303,307,287,0.34,0.34,0.32,16,0.02
898,rock,rock,0,303,308,287,0.34,0.34,0.32,16,0.02
899,scissors,rock,1,304,308,287,0.34,0.34,0.32,17,0.02
900,rock,paper,1,305,308,287,0.34,0.34,0.32,18,0.02
901,paper,scissors,1,306,308,287,0.34,0.34,0.32,19,0.02
902,rock,scissors,-1,306,308,288,0.34,0.34,0.32,18,0.02
903,rock,paper,1,307,308,288,0.34,0.34,0.32,19,0.02
904,scissors,rock,1,308,308,288,0.34,0.34,0.32,20,0.02
905,scissors,scissors,0,308,309,288,0.34,0.34,0.32,20,0.02
906,scissors,paper,-1,308,309,289,0.34,0.34,0.32,19,0.02
907,rock,rock,0,308,310,289,0.34,0.34,0.32,19,0.02
908,scissors,paper,-1,308,310,290,0.34,0.34,0.32,18,0.02
909,rock,paper,1,309,310,290,0.34,0.34,0.32,19,0.02
910,rock,rock,0,309,311,290,0.34,0.34,0.32,19,0.02
911,paper,scissors,1,310,311,290,0.34,0.34,0.32,20,0.02
912,rock,rock,0,310,312,290,0.34,0.34,0.32,20,0.02
913,scissors,paper,-1,310,312,291,0.34,0.34,0.32,19,0.02
914,scissors,paper,-1,310,312,292,0.34,0.34,0.32,18,0.02
915,rock,rock,0,310,313,292,0.34,0.34,0.32,18,0.02
916,paper,scissors,1,311,313,292,0.34,0.34,0.32,19,0.02
917,rock,rock,0,311,314,292,0.34,0.34,0.32,19,0.02
918,rock,paper,1,312,314,292,0.34,0.34,0.32,20,0.02
919,scissors,scissors,0,312,315,292,0.34,0.34,0.32,20,0.02
920,scissors,rock,1,313,315,292,0.34,0.34,0.32,21,0.02
921,rock,paper,1,314,315,292,0.34,0.34,0.32,22,0.02
922,paper,paper,0,314,316,292,0.34,0.34,0.32,22,0.02
923,paper,scissors,1,315,316,292,0.34,0.34,0.32,23,0.02
924,paper,paper,0,315,317,292,0.34,0.34,0.32,23,0.02
925,rock,scissors,-1,315,317,293,0.34,0.34,0.32,22,0.02
926,rock,paper,1,316,317,293,0.34,0.34,0.32,23,0.02
927,paper,paper,0,316,318,293,0.34,0.34,0.32,23,0.02
928,rock,scissors,-1,316,318,294,0.34,0.34,0.32,22,0.02
929,scissors,scissors,0,316,319,294,0.34,0.34,0.32,22,0.02
930,rock,paper,1,317,319,294,0.34,0.34,0.32,23,0.02
931,paper,rock,-1,317,319,295,0.34,0.34,0.32,22,0.02
932,paper,paper,0,317,320,295,0.34,0.34,0.32,22,0.02
933,rock,rock,0,317,321,295,0.34,0.34,0.32,22,0.02
934,scissors,scissors,0,317,322,295,0.34,0.34,0.32,22,0.02
935,rock,paper,1,318,322,295,0.34,0.34,0.32,23,0.02
936,scissors,rock,1,319,322,295,0.34,0.34,0.32,24,0.03
937,paper,scissors,1,320,322,295,0.34,0.34,0.31,25,0.03
938,paper,rock,-1,320,322,296,0.34,0.34,0.32,24,0.03
939,paper,paper,0,320,323,296,0.34,0.34,0.32,24,0.03
940,rock,scissors,-1,320,323,297,0.34,0.34,0.32,23,0.02
941,paper,scissors,1,321,323,297,0.34,0.34,0.32,24,0.03
942,rock,paper,1,322,323,297,0.34,0.34,0.32,25,0.03
943,scissors,scissors,0,322,324,297,0.34,0.34,0.31,25,0.03
944,rock,paper,1,323,324,297,0.34,0.34,0.31,26,0.03
945,paper,paper,0,323,325,297,0.34,0.34,0.31,26,0.03
946,paper,scissors,1,324,325,297,0.34,0.34,0.31,27,0.03
947,scissors,scissors,0,324,326,297,0.34,0.34,0.31,27,0.03
948,scissors,scissors,0,324,327,297,0.34,0.34,0.31,27,0.03
949,paper,paper,0,324,328,297,0.34,0.35,0.31,27,0.03
950,rock,rock,0,324,329,297,0.34,0.35,0.31,27,0.03
951,paper,scissors,1,325,329,297,0.34,0.35,0.31,28,0.03
952,paper,rock,-1,325,329,298,0.34,0.35,0.31,27,0.03
953,scissors,rock,1,326,329,298,0.34,0.35,0.31,28,0.03
954,paper,rock,-1,326,329,299,0.34,0.34,0.31,27,0.03
955,scissors,paper,-1,326,329,300,0.34,0.34,0.31,26,0.03
956,paper,paper,0,326,330,300,0.34,0.35,0.31,26,0.03
957,paper,scissors,1,327,330,300,0.34,0.34,0.31,27,0.03
958,paper,scissors,1,328,330,300,0.34,0.34,0.31,28,0.03
959,scissors,scissors,0,328,331,300,0.34,0.35,0.31,28,0.03
960,paper,paper,0,328,332,300,0.34,0.35,0.31,28,0.03
961,scissors,rock,1,329,332,300,0.34,0.35,0.31,29,0.03
962,scissors,paper,-1,329,332,301,0.34,0.35,0.31,28,0.03
963,scissors,paper,-1,329,332,302,0.34,0.34,0.31,27,0.03
964,paper,rock,-1,329,332,303,0.34,0.34,0.31,26,0.03
965,rock,scissors,-1,329,332,304,0.34,0.34,0.32,25,0.03
966,rock,scissors,-1,329,332,305,0.34,0.34,0.32,24,0.02
967,paper,scissors,1,330,332,305,0.34,0.34,0.32,25,0.03
968,rock,paper,1,331,332,305,0.34,0.34,0.32,26,0.03
969,scissors,rock,1,332,332,305,0.34,0.34,0.31,27,0.03
970,scissors,rock,1,333,332,305,0.34,0.34,0.31,28,0.03
971,scissors,scissors,0,333,333,305,0.34,0.34,0.31,28,0.03
972,rock,rock,0,333,334,305,0.34,0.34,0.31,28,0.03
973,paper,scissors,1,334,334,305,0.34,0.34,0.31,29,0.03
974,scissors,rock,1,335,334,305,0.34,0.34,0.31,30,0.03
975,paper,scissors,1,336,334,305,0.34,0.34,0.31,31,0.03
976,rock,scissors,-1,336,334,306,0.34,0.34,0.31,30,0.03
977,rock,scissors,-1,336,334,307,0.34,0.34,0.31,29,0.03
978,scissors,scissors,0,336,335,307,0.34,0.34,0.31,29,0.03
979,paper,paper,0,336,336,307,0.34,0.34,0.31,29,0.03
980,rock,scissors,-1,336,336,308,0.34,0.34,0.31,28,0.03
981,paper,scissors,1,337,336,308,0.34,0.34,0.31,29,0.03
982,rock,rock,0,337,337,308,0.34,0.34,0.31,29,0.03
983,paper,scissors,1,338,337,308,0.34,0.34,0.31,30,0.03
984,scissors,paper,-1,338,337,309,0.34,0.34,0.31,29,0.03
985,paper,rock,-1,338,337,310,0.34,0.34,0.31,28,0.03
986,paper,paper,0,338,338,310,0.34,0.34,0.31,28,0.03
987,rock,rock,0,338,339,310,0.34,0.34,0.31,28,0.03
988,scissors,scissors,0,338,340,310,0.34,0.34,0.31,28,0.03
989,rock,scissors,-1,338,340,311,0.34,0.34,0.31,27,0.03
990,rock,scissors,-1,338,340,312,0.34,0.34,0.32,26,0.03
991,paper,rock,-1,338,340,313,0.34,0.34,0.32,25,0.03
992,paper,paper,0,338,341,313,0.34,0.34,0.32,25,0.03
993,scissors,paper,-1,338,341,314,0.34,0.34,0.32,24,0.02
994,paper,scissors,1,339,341,314,0.34,0.34,0.32,25,0.03
995,scissors,rock,1,340,341,314,0.34,0.34,0.32,26,0.03
996,rock,scissors,-1,340,341,315,0.34,0.34,0.32,25,0.03
997,rock,scissors,-1,340,341,316,0.34,0.34,0.32,24,0.02
998,rock,rock,0,340,342,316,0.34,0.34,0.32,24,0.02
999,scissors,paper,-1,340,342,317,0.34,0.34,0.32,23,0.02
1000,paper,paper,0,340,343,317,0.34,0.34,0.32,23,0.02
